{"r2_score": 0.6064516129032258, "rmse": 0.31362502409359, "mae": 0.09836065573770492}